<?xml version="1.0" encoding="UTF-8"?>
<metadata xml:lang="en"><Esri><CreaDate>20191106</CreaDate><CreaTime>14171300</CreaTime><ArcGISFormat>1.0</ArcGISFormat><ArcGISstyle>ISO 19139 Metadata Implementation Specification</ArcGISstyle><SyncOnce>TRUE</SyncOnce><DataProperties><itemProps><itemLocation><linkage Sync="TRUE">file://\\cmap.local\DataDepot\Administrative_and_Political_Boundaries\Legislative\Wards_Chicago_201505</linkage><protocol Sync="TRUE">Local Area Network</protocol></itemLocation></itemProps><copyHistory><copy source="S:\Projects_FY09\DataDepotWork\ToBeCataloged\ChicagoWardBoundaries\CitywideWardsMap2015\Wards_Chicago_201505" dest="\\cmap.local\DataDepot\Administrative_and_Political_Boundaries\Legislative\Wards_Chicago_201505" date="20160825" time="11182400"></copy></copyHistory></DataProperties></Esri></metadata>
